class_label,precision,recall,f1_score,support
Paid,0.642065,0.622648,0.632207,2976
Pending,0.268293,0.08758,0.132053,1256
Rejected,0.221831,0.492188,0.305825,768
macro_avg,0.377396,0.400805,0.356695,5000
weighted_avg,0.483626,0.4682,0.456436,5000
