class_label,precision,recall,f1_score,support
Paid,0.922799,0.661401,0.770534,11964
Pending,0.882576,0.698023,0.779525,5007
Rejected,0.36919,0.909871,0.525253,3029
macro_avg,0.724855,0.756432,0.691771,20000
weighted_avg,0.828885,0.7082,0.735637,20000
