class_label,precision,recall,f1_score,support
Low,0.507572,0.365067,0.424683,2479
Medium,0.302339,0.345357,0.32242,1497
High,0.205043,0.301758,0.244172,1024
macro_avg,0.338318,0.337394,0.330425,5000
weighted_avg,0.384167,0.3462,0.357097,5000
