class_label,precision,recall,f1_score,support
Low,0.542155,0.328896,0.409419,9991
Medium,0.340311,0.379397,0.358792,5999
High,0.232382,0.4202,0.299263,4010
macro_avg,0.371616,0.376164,0.355825,20000
weighted_avg,0.419502,0.36235,0.372147,20000
